,rosbagTimestamp,header,seq,stamp,secs,nsecs,frame_id,is_bigendian,step
0,1603863769089112043,,0,,1603863769,89112043,"""camera_color_left""",0,3723
1,1603863769192698955,,0,,1603863769,192698955,"""camera_color_left""",0,3723
2,1603863769296443939,,0,,1603863769,296443939,"""camera_color_left""",0,3723
3,1603863769400181055,,0,,1603863769,400181055,"""camera_color_left""",0,3723
4,1603863769503798007,,0,,1603863769,503798007,"""camera_color_left""",0,3723
5,1603863769607414007,,0,,1603863769,607414007,"""camera_color_left""",0,3723
6,1603863769711162090,,0,,1603863769,711162090,"""camera_color_left""",0,3723
7,1603863769814770936,,0,,1603863769,814770936,"""camera_color_left""",0,3723
8,1603863769918503999,,0,,1603863769,918503999,"""camera_color_left""",0,3723
9,1603863770022125005,,0,,1603863770,22125005,"""camera_color_left""",0,3723
10,1603863770125868082,,0,,1603863770,125868082,"""camera_color_left""",0,3723
11,1603863770229482889,,0,,1603863770,229482889,"""camera_color_left""",0,3723
12,1603863770333219051,,0,,1603863770,333219051,"""camera_color_left""",0,3723
13,1603863770436841011,,0,,1603863770,436841011,"""camera_color_left""",0,3723
14,1603863770540452003,,0,,1603863770,540452003,"""camera_color_left""",0,3723
15,1603863770644190073,,0,,1603863770,644190073,"""camera_color_left""",0,3723
16,1603863770748034000,,0,,1603863770,748034000,"""camera_color_left""",0,3723
17,1603863770851568937,,0,,1603863770,851568937,"""camera_color_left""",0,3723
18,1603863770955286026,,0,,1603863770,955286026,"""camera_color_left""",0,3723
19,1603863771058969974,,0,,1603863771,58969974,"""camera_color_left""",0,3723
20,1603863771162642955,,0,,1603863771,162642955,"""camera_color_left""",0,3723
21,1603863771266258955,,0,,1603863771,266258955,"""camera_color_left""",0,3723
22,1603863771369870901,,0,,1603863771,369870901,"""camera_color_left""",0,3723
23,1603863771473486900,,0,,1603863771,473486900,"""camera_color_left""",0,3723
24,1603863771577126979,,0,,1603863771,577126979,"""camera_color_left""",0,3723
25,1603863771680747032,,0,,1603863771,680747032,"""camera_color_left""",0,3723
26,1603863771784457921,,0,,1603863771,784457921,"""camera_color_left""",0,3723
27,1603863771888072967,,0,,1603863771,888072967,"""camera_color_left""",0,3723
28,1603863771991689920,,0,,1603863771,991689920,"""camera_color_left""",0,3723
29,1603863772095309019,,0,,1603863772,95309019,"""camera_color_left""",0,3723
30,1603863772199090003,,0,,1603863772,199090003,"""camera_color_left""",0,3723
31,1603863772302661895,,0,,1603863772,302661895,"""camera_color_left""",0,3723
32,1603863772406404018,,0,,1603863772,406404018,"""camera_color_left""",0,3723
33,1603863772510142087,,0,,1603863772,510142087,"""camera_color_left""",0,3723
34,1603863772613760948,,0,,1603863772,613760948,"""camera_color_left""",0,3723
35,1603863772717494964,,0,,1603863772,717494964,"""camera_color_left""",0,3723
36,1603863772821114063,,0,,1603863772,821114063,"""camera_color_left""",0,3723
37,1603863772924733877,,0,,1603863772,924733877,"""camera_color_left""",0,3723
38,1603863773028347969,,0,,1603863773,28347969,"""camera_color_left""",0,3723
39,1603863773132111072,,0,,1603863773,132111072,"""camera_color_left""",0,3723
40,1603863773235704898,,0,,1603863773,235704898,"""camera_color_left""",0,3723
41,1603863773339318990,,0,,1603863773,339318990,"""camera_color_left""",0,3723
42,1603863773443063020,,0,,1603863773,443063020,"""camera_color_left""",0,3723
43,1603863773546674966,,0,,1603863773,546674966,"""camera_color_left""",0,3723
44,1603863773650434970,,0,,1603863773,650434970,"""camera_color_left""",0,3723
45,1603863773754030942,,0,,1603863773,754030942,"""camera_color_left""",0,3723
46,1603863773857773065,,0,,1603863773,857773065,"""camera_color_left""",0,3723
47,1603863773961386919,,0,,1603863773,961386919,"""camera_color_left""",0,3723
48,1603863774065123081,,0,,1603863774,65123081,"""camera_color_left""",0,3723
49,1603863774168742895,,0,,1603863774,168742895,"""camera_color_left""",0,3723
50,1603863774272480010,,0,,1603863774,272480010,"""camera_color_left""",0,3723
51,1603863774376096963,,0,,1603863774,376096963,"""camera_color_left""",0,3723
52,1603863774479861021,,0,,1603863774,479861021,"""camera_color_left""",0,3723
53,1603863774583585023,,0,,1603863774,583585023,"""camera_color_left""",0,3723
54,1603863774687193870,,0,,1603863774,687193870,"""camera_color_left""",0,3723
55,1603863774790942907,,0,,1603863774,790942907,"""camera_color_left""",0,3723
56,1603863774894551992,,0,,1603863774,894551992,"""camera_color_left""",0,3723
57,1603863774998164892,,0,,1603863774,998164892,"""camera_color_left""",0,3723
58,1603863775101907014,,0,,1603863775,101907014,"""camera_color_left""",0,3723
59,1603863775205524921,,0,,1603863775,205524921,"""camera_color_left""",0,3723
60,1603863775309135913,,0,,1603863775,309135913,"""camera_color_left""",0,3723
61,1603863775412750959,,0,,1603863775,412750959,"""camera_color_left""",0,3723
62,1603863775516369104,,0,,1603863775,516369104,"""camera_color_left""",0,3723
63,1603863775619987964,,0,,1603863775,619987964,"""camera_color_left""",0,3723
64,1603863775723598003,,0,,1603863775,723598003,"""camera_color_left""",0,3723
65,1603863775827346086,,0,,1603863775,827346086,"""camera_color_left""",0,3723
66,1603863775930955886,,0,,1603863775,930955886,"""camera_color_left""",0,3723
67,1603863776034694910,,0,,1603863776,34694910,"""camera_color_left""",0,3723
68,1603863776138313055,,0,,1603863776,138313055,"""camera_color_left""",0,3723
69,1603863776242050886,,0,,1603863776,242050886,"""camera_color_left""",0,3723
70,1603863776345671892,,0,,1603863776,345671892,"""camera_color_left""",0,3723
71,1603863776449304103,,0,,1603863776,449304103,"""camera_color_left""",0,3723
72,1603863776553049087,,0,,1603863776,553049087,"""camera_color_left""",0,3723
73,1603863776656640052,,0,,1603863776,656640052,"""camera_color_left""",0,3723
74,1603863776760376930,,0,,1603863776,760376930,"""camera_color_left""",0,3723
75,1603863776863996982,,0,,1603863776,863996982,"""camera_color_left""",0,3723
76,1603863776967604875,,0,,1603863776,967604875,"""camera_color_left""",0,3723
77,1603863777071363925,,0,,1603863777,71363925,"""camera_color_left""",0,3723
78,1603863777175091981,,0,,1603863777,175091981,"""camera_color_left""",0,3723
79,1603863777278713941,,0,,1603863777,278713941,"""camera_color_left""",0,3723
80,1603863777382448911,,0,,1603863777,382448911,"""camera_color_left""",0,3723
81,1603863777486187934,,0,,1603863777,486187934,"""camera_color_left""",0,3723
82,1603863777589951038,,0,,1603863777,589951038,"""camera_color_left""",0,3723
83,1603863777693789005,,0,,1603863777,693789005,"""camera_color_left""",0,3723
84,1603863777797544002,,0,,1603863777,797544002,"""camera_color_left""",0,3723
85,1603863777901431083,,0,,1603863777,901431083,"""camera_color_left""",0,3723
86,1603863778005260944,,0,,1603863778,5260944,"""camera_color_left""",0,3723
87,1603863778109132051,,0,,1603863778,109132051,"""camera_color_left""",0,3723
88,1603863778213032007,,0,,1603863778,213032007,"""camera_color_left""",0,3723
89,1603863778316861867,,0,,1603863778,316861867,"""camera_color_left""",0,3723
90,1603863778420871973,,0,,1603863778,420871973,"""camera_color_left""",0,3723
91,1603863778524842023,,0,,1603863778,524842023,"""camera_color_left""",0,3723
92,1603863778628832101,,0,,1603863778,628832101,"""camera_color_left""",0,3723
93,1603863778732821941,,0,,1603863778,732821941,"""camera_color_left""",0,3723
94,1603863778836812019,,0,,1603863778,836812019,"""camera_color_left""",0,3723
95,1603863778940952062,,0,,1603863778,940952062,"""camera_color_left""",0,3723
96,1603863779044921875,,0,,1603863779,44921875,"""camera_color_left""",0,3723
97,1603863779148792028,,0,,1603863779,148792028,"""camera_color_left""",0,3723
98,1603863779252772092,,0,,1603863779,252772092,"""camera_color_left""",0,3723
99,1603863779356512069,,0,,1603863779,356512069,"""camera_color_left""",0,3723
100,1603863779460381984,,0,,1603863779,460381984,"""camera_color_left""",0,3723
101,1603863779564121961,,0,,1603863779,564121961,"""camera_color_left""",0,3723
102,1603863779667732000,,0,,1603863779,667732000,"""camera_color_left""",0,3723
103,1603863779771471977,,0,,1603863779,771471977,"""camera_color_left""",0,3723
104,1603863779874972105,,0,,1603863779,874972105,"""camera_color_left""",0,3723
105,1603863779978581905,,0,,1603863779,978581905,"""camera_color_left""",0,3723
106,1603863780082201957,,0,,1603863780,82201957,"""camera_color_left""",0,3723
107,1603863780185811996,,0,,1603863780,185811996,"""camera_color_left""",0,3723
108,1603863780289301872,,0,,1603863780,289301872,"""camera_color_left""",0,3723
109,1603863780392802000,,0,,1603863780,392802000,"""camera_color_left""",0,3723
110,1603863780496311902,,0,,1603863780,496311902,"""camera_color_left""",0,3723
111,1603863780599871873,,0,,1603863780,599871873,"""camera_color_left""",0,3723
112,1603863780703272104,,0,,1603863780,703272104,"""camera_color_left""",0,3723
113,1603863780806891918,,0,,1603863780,806891918,"""camera_color_left""",0,3723
114,1603863780910261869,,0,,1603863780,910261869,"""camera_color_left""",0,3723
115,1603863781013871908,,0,,1603863781,13871908,"""camera_color_left""",0,3723
116,1603863781117402076,,0,,1603863781,117402076,"""camera_color_left""",0,3723
117,1603863781220972061,,0,,1603863781,220972061,"""camera_color_left""",0,3723
118,1603863781324552059,,0,,1603863781,324552059,"""camera_color_left""",0,3723
119,1603863781428081989,,0,,1603863781,428081989,"""camera_color_left""",0,3723
120,1603863781531702041,,0,,1603863781,531702041,"""camera_color_left""",0,3723
121,1603863781635312080,,0,,1603863781,635312080,"""camera_color_left""",0,3723
122,1603863781738921880,,0,,1603863781,738921880,"""camera_color_left""",0,3723
123,1603863781842541933,,0,,1603863781,842541933,"""camera_color_left""",0,3723
124,1603863781946151971,,0,,1603863781,946151971,"""camera_color_left""",0,3723
125,1603863782049871921,,0,,1603863782,49871921,"""camera_color_left""",0,3723
126,1603863782153501987,,0,,1603863782,153501987,"""camera_color_left""",0,3723
127,1603863782257122039,,0,,1603863782,257122039,"""camera_color_left""",0,3723
128,1603863782360742092,,0,,1603863782,360742092,"""camera_color_left""",0,3723
129,1603863782464472055,,0,,1603863782,464472055,"""camera_color_left""",0,3723
130,1603863782568091869,,0,,1603863782,568091869,"""camera_color_left""",0,3723
131,1603863782671881914,,0,,1603863782,671881914,"""camera_color_left""",0,3723
132,1603863782775461912,,0,,1603863782,775461912,"""camera_color_left""",0,3723
133,1603863782879061937,,0,,1603863782,879061937,"""camera_color_left""",0,3723
134,1603863782982681989,,0,,1603863782,982681989,"""camera_color_left""",0,3723
135,1603863783086302042,,0,,1603863783,86302042,"""camera_color_left""",0,3723
136,1603863783190042018,,0,,1603863783,190042018,"""camera_color_left""",0,3723
137,1603863783293652057,,0,,1603863783,293652057,"""camera_color_left""",0,3723
138,1603863783397281885,,0,,1603863783,397281885,"""camera_color_left""",0,3723
139,1603863783501012086,,0,,1603863783,501012086,"""camera_color_left""",0,3723
140,1603863783604752063,,0,,1603863783,604752063,"""camera_color_left""",0,3723
141,1603863783708371877,,0,,1603863783,708371877,"""camera_color_left""",0,3723
142,1603863783812102079,,0,,1603863783,812102079,"""camera_color_left""",0,3723
143,1603863783915842056,,0,,1603863783,915842056,"""camera_color_left""",0,3723
144,1603863784019592046,,0,,1603863784,19592046,"""camera_color_left""",0,3723
145,1603863784123221874,,0,,1603863784,123221874,"""camera_color_left""",0,3723
146,1603863784226942062,,0,,1603863784,226942062,"""camera_color_left""",0,3723
147,1603863784330651998,,0,,1603863784,330651998,"""camera_color_left""",0,3723
148,1603863784434292078,,0,,1603863784,434292078,"""camera_color_left""",0,3723
149,1603863784537911891,,0,,1603863784,537911891,"""camera_color_left""",0,3723
150,1603863784641531944,,0,,1603863784,641531944,"""camera_color_left""",0,3723
151,1603863784745291948,,0,,1603863784,745291948,"""camera_color_left""",0,3723
152,1603863784848881959,,0,,1603863784,848881959,"""camera_color_left""",0,3723
153,1603863784952631950,,0,,1603863784,952631950,"""camera_color_left""",0,3723
154,1603863785056391954,,0,,1603863785,56391954,"""camera_color_left""",0,3723
155,1603863785160101890,,0,,1603863785,160101890,"""camera_color_left""",0,3723
156,1603863785263851881,,0,,1603863785,263851881,"""camera_color_left""",0,3723
157,1603863785367592096,,0,,1603863785,367592096,"""camera_color_left""",0,3723
158,1603863785471352100,,0,,1603863785,471352100,"""camera_color_left""",0,3723
159,1603863785575072050,,0,,1603863785,575072050,"""camera_color_left""",0,3723
160,1603863785678682088,,0,,1603863785,678682088,"""camera_color_left""",0,3723
161,1603863785782422065,,0,,1603863785,782422065,"""camera_color_left""",0,3723
162,1603863785886041879,,0,,1603863785,886041879,"""camera_color_left""",0,3723
163,1603863785989661931,,0,,1603863785,989661931,"""camera_color_left""",0,3723
164,1603863786093401908,,0,,1603863786,93401908,"""camera_color_left""",0,3723
165,1603863786197021961,,0,,1603863786,197021961,"""camera_color_left""",0,3723
166,1603863786300751924,,0,,1603863786,300751924,"""camera_color_left""",0,3723
167,1603863786404371976,,0,,1603863786,404371976,"""camera_color_left""",0,3723
168,1603863786508131980,,0,,1603863786,508131980,"""camera_color_left""",0,3723
169,1603863786611772060,,0,,1603863786,611772060,"""camera_color_left""",0,3723
170,1603863786715461969,,0,,1603863786,715461969,"""camera_color_left""",0,3723
171,1603863786819082021,,0,,1603863786,819082021,"""camera_color_left""",0,3723
172,1603863786922692060,,0,,1603863786,922692060,"""camera_color_left""",0,3723
173,1603863787026311874,,0,,1603863787,26311874,"""camera_color_left""",0,3723
174,1603863787129921913,,0,,1603863787,129921913,"""camera_color_left""",0,3723
175,1603863787233612060,,0,,1603863787,233612060,"""camera_color_left""",0,3723
176,1603863787337222099,,0,,1603863787,337222099,"""camera_color_left""",0,3723
177,1603863787440881967,,0,,1603863787,440881967,"""camera_color_left""",0,3723
178,1603863787544441938,,0,,1603863787,544441938,"""camera_color_left""",0,3723
179,1603863787648001909,,0,,1603863787,648001909,"""camera_color_left""",0,3723
180,1603863787751611948,,0,,1603863787,751611948,"""camera_color_left""",0,3723
181,1603863787855112075,,0,,1603863787,855112075,"""camera_color_left""",0,3723
182,1603863787958721876,,0,,1603863787,958721876,"""camera_color_left""",0,3723
183,1603863788062222003,,0,,1603863788,62222003,"""camera_color_left""",0,3723
184,1603863788165702104,,0,,1603863788,165702104,"""camera_color_left""",0,3723
185,1603863788269341945,,0,,1603863788,269341945,"""camera_color_left""",0,3723
186,1603863788372812032,,0,,1603863788,372812032,"""camera_color_left""",0,3723
187,1603863788476301908,,0,,1603863788,476301908,"""camera_color_left""",0,3723
188,1603863788579672098,,0,,1603863788,579672098,"""camera_color_left""",0,3723
189,1603863788683161973,,0,,1603863788,683161973,"""camera_color_left""",0,3723
190,1603863788786642074,,0,,1603863788,786642074,"""camera_color_left""",0,3723
191,1603863788890161991,,0,,1603863788,890161991,"""camera_color_left""",0,3723
192,1603863788993711948,,0,,1603863788,993711948,"""camera_color_left""",0,3723
193,1603863789097222089,,0,,1603863789,97222089,"""camera_color_left""",0,3723
194,1603863789200572013,,0,,1603863789,200572013,"""camera_color_left""",0,3723
195,1603863789304101943,,0,,1603863789,304101943,"""camera_color_left""",0,3723
196,1603863789407641887,,0,,1603863789,407641887,"""camera_color_left""",0,3723
197,1603863789511202096,,0,,1603863789,511202096,"""camera_color_left""",0,3723
198,1603863789614922046,,0,,1603863789,614922046,"""camera_color_left""",0,3723
199,1603863789718561887,,0,,1603863789,718561887,"""camera_color_left""",0,3723
200,1603863789822302103,,0,,1603863789,822302103,"""camera_color_left""",0,3723
201,1603863789926151990,,0,,1603863789,926151990,"""camera_color_left""",0,3723
202,1603863790029911994,,0,,1603863790,29911994,"""camera_color_left""",0,3723
203,1603863790133641958,,0,,1603863790,133641958,"""camera_color_left""",0,3723
204,1603863790237511873,,0,,1603863790,237511873,"""camera_color_left""",0,3723
205,1603863790341372013,,0,,1603863790,341372013,"""camera_color_left""",0,3723
206,1603863790445372104,,0,,1603863790,445372104,"""camera_color_left""",0,3723
207,1603863790549361944,,0,,1603863790,549361944,"""camera_color_left""",0,3723
208,1603863790653491973,,0,,1603863790,653491973,"""camera_color_left""",0,3723
209,1603863790757711887,,0,,1603863790,757711887,"""camera_color_left""",0,3723
210,1603863790861841917,,0,,1603863790,861841917,"""camera_color_left""",0,3723
211,1603863790965862035,,0,,1603863790,965862035,"""camera_color_left""",0,3723
212,1603863791069812059,,0,,1603863791,69812059,"""camera_color_left""",0,3723
213,1603863791173922061,,0,,1603863791,173922061,"""camera_color_left""",0,3723
214,1603863791277911901,,0,,1603863791,277911901,"""camera_color_left""",0,3723
215,1603863791381901979,,0,,1603863791,381901979,"""camera_color_left""",0,3723
216,1603863791485801935,,0,,1603863791,485801935,"""camera_color_left""",0,3723
217,1603863791589761972,,0,,1603863791,589761972,"""camera_color_left""",0,3723
218,1603863791693631887,,0,,1603863791,693631887,"""camera_color_left""",0,3723
219,1603863791797391891,,0,,1603863791,797391891,"""camera_color_left""",0,3723
220,1603863791901191949,,0,,1603863791,901191949,"""camera_color_left""",0,3723
221,1603863792004852056,,0,,1603863792,4852056,"""camera_color_left""",0,3723
222,1603863792108622074,,0,,1603863792,108622074,"""camera_color_left""",0,3723
223,1603863792212212085,,0,,1603863792,212212085,"""camera_color_left""",0,3723
224,1603863792316161870,,0,,1603863792,316161870,"""camera_color_left""",0,3723
225,1603863792419471979,,0,,1603863792,419471979,"""camera_color_left""",0,3723
226,1603863792523201942,,0,,1603863792,523201942,"""camera_color_left""",0,3723
227,1603863792626761913,,0,,1603863792,626761913,"""camera_color_left""",0,3723
228,1603863792730302095,,0,,1603863792,730302095,"""camera_color_left""",0,3723
229,1603863792834032058,,0,,1603863792,834032058,"""camera_color_left""",0,3723
230,1603863792937671899,,0,,1603863792,937671899,"""camera_color_left""",0,3723
231,1603863793041332006,,0,,1603863793,41332006,"""camera_color_left""",0,3723
232,1603863793144871950,,0,,1603863793,144871950,"""camera_color_left""",0,3723
233,1603863793248522043,,0,,1603863793,248522043,"""camera_color_left""",0,3723
234,1603863793352102041,,0,,1603863793,352102041,"""camera_color_left""",0,3723
235,1603863793455842018,,0,,1603863793,455842018,"""camera_color_left""",0,3723
236,1603863793559452056,,0,,1603863793,559452056,"""camera_color_left""",0,3723
237,1603863793663081884,,0,,1603863793,663081884,"""camera_color_left""",0,3723
238,1603863793766831874,,0,,1603863793,766831874,"""camera_color_left""",0,3723
239,1603863793870421886,,0,,1603863793,870421886,"""camera_color_left""",0,3723
240,1603863793974181890,,0,,1603863793,974181890,"""camera_color_left""",0,3723
241,1603863794077882051,,0,,1603863794,77882051,"""camera_color_left""",0,3723
242,1603863794181432008,,0,,1603863794,181432008,"""camera_color_left""",0,3723
243,1603863794285192012,,0,,1603863794,285192012,"""camera_color_left""",0,3723
244,1603863794388751983,,0,,1603863794,388751983,"""camera_color_left""",0,3723
245,1603863794492542028,,0,,1603863794,492542028,"""camera_color_left""",0,3723
246,1603863794596251964,,0,,1603863794,596251964,"""camera_color_left""",0,3723
247,1603863794699872016,,0,,1603863794,699872016,"""camera_color_left""",0,3723
248,1603863794803462028,,0,,1603863794,803462028,"""camera_color_left""",0,3723
249,1603863794907082080,,0,,1603863794,907082080,"""camera_color_left""",0,3723
250,1603863795010701894,,0,,1603863795,10701894,"""camera_color_left""",0,3723
251,1603863795114432096,,0,,1603863795,114432096,"""camera_color_left""",0,3723
252,1603863795218071937,,0,,1603863795,218071937,"""camera_color_left""",0,3723
253,1603863795321671962,,0,,1603863795,321671962,"""camera_color_left""",0,3723
254,1603863795425431966,,0,,1603863795,425431966,"""camera_color_left""",0,3723
255,1603863795529072046,,0,,1603863795,529072046,"""camera_color_left""",0,3723
256,1603863795632642030,,0,,1603863795,632642030,"""camera_color_left""",0,3723
257,1603863795736272096,,0,,1603863795,736272096,"""camera_color_left""",0,3723
258,1603863795839901924,,0,,1603863795,839901924,"""camera_color_left""",0,3723
259,1603863795943481922,,0,,1603863795,943481922,"""camera_color_left""",0,3723
260,1603863796047302007,,0,,1603863796,47302007,"""camera_color_left""",0,3723
261,1603863796150851964,,0,,1603863796,150851964,"""camera_color_left""",0,3723
262,1603863796254482030,,0,,1603863796,254482030,"""camera_color_left""",0,3723
263,1603863796358072042,,0,,1603863796,358072042,"""camera_color_left""",0,3723
264,1603863796461832046,,0,,1603863796,461832046,"""camera_color_left""",0,3723
265,1603863796565432071,,0,,1603863796,565432071,"""camera_color_left""",0,3723
266,1603863796669041872,,0,,1603863796,669041872,"""camera_color_left""",0,3723
267,1603863796774482011,,0,,1603863796,774482011,"""camera_color_left""",0,3723
268,1603863796876421928,,0,,1603863796,876421928,"""camera_color_left""",0,3723
269,1603863796980141878,,0,,1603863796,980141878,"""camera_color_left""",0,3723
270,1603863797083761930,,0,,1603863797,83761930,"""camera_color_left""",0,3723
271,1603863797187501907,,0,,1603863797,187501907,"""camera_color_left""",0,3723
272,1603863797291111946,,0,,1603863797,291111946,"""camera_color_left""",0,3723
273,1603863797394731998,,0,,1603863797,394731998,"""camera_color_left""",0,3723
274,1603863797498342037,,0,,1603863797,498342037,"""camera_color_left""",0,3723
275,1603863797601962089,,0,,1603863797,601962089,"""camera_color_left""",0,3723
276,1603863797705621957,,0,,1603863797,705621957,"""camera_color_left""",0,3723
277,1603863797809321880,,0,,1603863797,809321880,"""camera_color_left""",0,3723
278,1603863797913081884,,0,,1603863797,913081884,"""camera_color_left""",0,3723
279,1603863798016822099,,0,,1603863798,16822099,"""camera_color_left""",0,3723
280,1603863798120411872,,0,,1603863798,120411872,"""camera_color_left""",0,3723
281,1603863798224201917,,0,,1603863798,224201917,"""camera_color_left""",0,3723
282,1603863798327902078,,0,,1603863798,327902078,"""camera_color_left""",0,3723
283,1603863798431511878,,0,,1603863798,431511878,"""camera_color_left""",0,3723
284,1603863798535252094,,0,,1603863798,535252094,"""camera_color_left""",0,3723
285,1603863798638871908,,0,,1603863798,638871908,"""camera_color_left""",0,3723
286,1603863798742601871,,0,,1603863798,742601871,"""camera_color_left""",0,3723
287,1603863798846251964,,0,,1603863798,846251964,"""camera_color_left""",0,3723
288,1603863798949841976,,0,,1603863798,949841976,"""camera_color_left""",0,3723
289,1603863799053581953,,0,,1603863799,53581953,"""camera_color_left""",0,3723
290,1603863799157212018,,0,,1603863799,157212018,"""camera_color_left""",0,3723
291,1603863799260812044,,0,,1603863799,260812044,"""camera_color_left""",0,3723
292,1603863799364552021,,0,,1603863799,364552021,"""camera_color_left""",0,3723
293,1603863799468401908,,0,,1603863799,468401908,"""camera_color_left""",0,3723
294,1603863799572262048,,0,,1603863799,572262048,"""camera_color_left""",0,3723
295,1603863799675621986,,0,,1603863799,675621986,"""camera_color_left""",0,3723
296,1603863799779141902,,0,,1603863799,779141902,"""camera_color_left""",0,3723
297,1603863799882891893,,0,,1603863799,882891893,"""camera_color_left""",0,3723
298,1603863799986501932,,0,,1603863799,986501932,"""camera_color_left""",0,3723
299,1603863800090241909,,0,,1603863800,90241909,"""camera_color_left""",0,3723
300,1603863800193851947,,0,,1603863800,193851947,"""camera_color_left""",0,3723
301,1603863800297461986,,0,,1603863800,297461986,"""camera_color_left""",0,3723
302,1603863800401082038,,0,,1603863800,401082038,"""camera_color_left""",0,3723
303,1603863800504862070,,0,,1603863800,504862070,"""camera_color_left""",0,3723
304,1603863800608442068,,0,,1603863800,608442068,"""camera_color_left""",0,3723
305,1603863800712182044,,0,,1603863800,712182044,"""camera_color_left""",0,3723
306,1603863800815932035,,0,,1603863800,815932035,"""camera_color_left""",0,3723
307,1603863800919672012,,0,,1603863800,919672012,"""camera_color_left""",0,3723
308,1603863801023401975,,0,,1603863801,23401975,"""camera_color_left""",0,3723
309,1603863801127032041,,0,,1603863801,127032041,"""camera_color_left""",0,3723
310,1603863801230762004,,0,,1603863801,230762004,"""camera_color_left""",0,3723
311,1603863801334511995,,0,,1603863801,334511995,"""camera_color_left""",0,3723
312,1603863801438231945,,0,,1603863801,438231945,"""camera_color_left""",0,3723
313,1603863801541981935,,0,,1603863801,541981935,"""camera_color_left""",0,3723
314,1603863801645761966,,0,,1603863801,645761966,"""camera_color_left""",0,3723
315,1603863801749331951,,0,,1603863801,749331951,"""camera_color_left""",0,3723
316,1603863801853071928,,0,,1603863801,853071928,"""camera_color_left""",0,3723
317,1603863801956811904,,0,,1603863801,956811904,"""camera_color_left""",0,3723
318,1603863802060551881,,0,,1603863802,60551881,"""camera_color_left""",0,3723
319,1603863802164292097,,0,,1603863802,164292097,"""camera_color_left""",0,3723
320,1603863802268042087,,0,,1603863802,268042087,"""camera_color_left""",0,3723
321,1603863802371772050,,0,,1603863802,371772050,"""camera_color_left""",0,3723
322,1603863802475542068,,0,,1603863802,475542068,"""camera_color_left""",0,3723
323,1603863802579142093,,0,,1603863802,579142093,"""camera_color_left""",0,3723
324,1603863802682872056,,0,,1603863802,682872056,"""camera_color_left""",0,3723
325,1603863802786501884,,0,,1603863802,786501884,"""camera_color_left""",0,3723
326,1603863802890101909,,0,,1603863802,890101909,"""camera_color_left""",0,3723
327,1603863802993721961,,0,,1603863802,993721961,"""camera_color_left""",0,3723
328,1603863803097461938,,0,,1603863803,97461938,"""camera_color_left""",0,3723
329,1603863803201071977,,0,,1603863803,201071977,"""camera_color_left""",0,3723
330,1603863803304712057,,0,,1603863803,304712057,"""camera_color_left""",0,3723
331,1603863803408432006,,0,,1603863803,408432006,"""camera_color_left""",0,3723
332,1603863803512052059,,0,,1603863803,512052059,"""camera_color_left""",0,3723
333,1603863803615822076,,0,,1603863803,615822076,"""camera_color_left""",0,3723
334,1603863803719402074,,0,,1603863803,719402074,"""camera_color_left""",0,3723
335,1603863803823142051,,0,,1603863803,823142051,"""camera_color_left""",0,3723
336,1603863803926882028,,0,,1603863803,926882028,"""camera_color_left""",0,3723
337,1603863804030502080,,0,,1603863804,30502080,"""camera_color_left""",0,3723
338,1603863804134281873,,0,,1603863804,134281873,"""camera_color_left""",0,3723
339,1603863804237982034,,0,,1603863804,237982034,"""camera_color_left""",0,3723
340,1603863804341701984,,0,,1603863804,341701984,"""camera_color_left""",0,3723
341,1603863804445421934,,0,,1603863804,445421934,"""camera_color_left""",0,3723
342,1603863804549082040,,0,,1603863804,549082040,"""camera_color_left""",0,3723
343,1603863804652692079,,0,,1603863804,652692079,"""camera_color_left""",0,3723
344,1603863804756561994,,0,,1603863804,756561994,"""camera_color_left""",0,3723
345,1603863804860192060,,0,,1603863804,860192060,"""camera_color_left""",0,3723
346,1603863804963972091,,0,,1603863804,963972091,"""camera_color_left""",0,3723
347,1603863805067682027,,0,,1603863805,67682027,"""camera_color_left""",0,3723
348,1603863805171262025,,0,,1603863805,171262025,"""camera_color_left""",0,3723
349,1603863805275012016,,0,,1603863805,275012016,"""camera_color_left""",0,3723
350,1603863805378632068,,0,,1603863805,378632068,"""camera_color_left""",0,3723
351,1603863805482362031,,0,,1603863805,482362031,"""camera_color_left""",0,3723
352,1603863805585982084,,0,,1603863805,585982084,"""camera_color_left""",0,3723
353,1603863805689591884,,0,,1603863805,689591884,"""camera_color_left""",0,3723
354,1603863805793231964,,0,,1603863805,793231964,"""camera_color_left""",0,3723
355,1603863805896951913,,0,,1603863805,896951913,"""camera_color_left""",0,3723
356,1603863806000561952,,0,,1603863806,561952,"""camera_color_left""",0,3723
357,1603863806104511976,,0,,1603863806,104511976,"""camera_color_left""",0,3723
358,1603863806207921981,,0,,1603863806,207921981,"""camera_color_left""",0,3723
359,1603863806311872005,,0,,1603863806,311872005,"""camera_color_left""",0,3723
360,1603863806415142059,,0,,1603863806,415142059,"""camera_color_left""",0,3723
361,1603863806518771886,,0,,1603863806,518771886,"""camera_color_left""",0,3723
362,1603863806622431993,,0,,1603863806,622431993,"""camera_color_left""",0,3723
363,1603863806726011991,,0,,1603863806,726011991,"""camera_color_left""",0,3723
364,1603863806829662084,,0,,1603863806,829662084,"""camera_color_left""",0,3723
365,1603863806933261871,,0,,1603863806,933261871,"""camera_color_left""",0,3723
366,1603863807036921977,,0,,1603863807,36921977,"""camera_color_left""",0,3723
367,1603863807140501976,,0,,1603863807,140501976,"""camera_color_left""",0,3723
368,1603863807244221925,,0,,1603863807,244221925,"""camera_color_left""",0,3723
369,1603863807347922086,,0,,1603863807,347922086,"""camera_color_left""",0,3723
370,1603863807451521873,,0,,1603863807,451521873,"""camera_color_left""",0,3723
371,1603863807555181980,,0,,1603863807,555181980,"""camera_color_left""",0,3723
372,1603863807658931970,,0,,1603863807,658931970,"""camera_color_left""",0,3723
373,1603863807762592077,,0,,1603863807,762592077,"""camera_color_left""",0,3723
374,1603863807866362094,,0,,1603863807,866362094,"""camera_color_left""",0,3723
375,1603863807970011949,,0,,1603863807,970011949,"""camera_color_left""",0,3723
376,1603863808073642015,,0,,1603863808,73642015,"""camera_color_left""",0,3723
377,1603863808177381992,,0,,1603863808,177381992,"""camera_color_left""",0,3723
378,1603863808281162023,,0,,1603863808,281162023,"""camera_color_left""",0,3723
379,1603863808384762048,,0,,1603863808,384762048,"""camera_color_left""",0,3723
380,1603863808488471984,,0,,1603863808,488471984,"""camera_color_left""",0,3723
381,1603863808592201948,,0,,1603863808,592201948,"""camera_color_left""",0,3723
382,1603863808695822000,,0,,1603863808,695822000,"""camera_color_left""",0,3723
383,1603863808799551963,,0,,1603863808,799551963,"""camera_color_left""",0,3723
384,1603863808903182029,,0,,1603863808,903182029,"""camera_color_left""",0,3723
385,1603863809006922006,,0,,1603863809,6922006,"""camera_color_left""",0,3723
386,1603863809110651969,,0,,1603863809,110651969,"""camera_color_left""",0,3723
387,1603863809214292049,,0,,1603863809,214292049,"""camera_color_left""",0,3723
388,1603863809318011999,,0,,1603863809,318011999,"""camera_color_left""",0,3723
389,1603863809422561883,,0,,1603863809,422561883,"""camera_color_left""",0,3723
390,1603863809525471925,,0,,1603863809,525471925,"""camera_color_left""",0,3723
391,1603863809628992080,,0,,1603863809,628992080,"""camera_color_left""",0,3723
392,1603863809732722043,,0,,1603863809,732722043,"""camera_color_left""",0,3723
393,1603863809836462020,,0,,1603863809,836462020,"""camera_color_left""",0,3723
394,1603863809939882040,,0,,1603863809,939882040,"""camera_color_left""",0,3723
395,1603863810043601989,,0,,1603863810,43601989,"""camera_color_left""",0,3723
396,1603863810147001981,,0,,1603863810,147001981,"""camera_color_left""",0,3723
397,1603863810250462055,,0,,1603863810,250462055,"""camera_color_left""",0,3723
398,1603863810354042053,,0,,1603863810,354042053,"""camera_color_left""",0,3723
399,1603863810457531929,,0,,1603863810,457531929,"""camera_color_left""",0,3723
400,1603863810561052083,,0,,1603863810,561052083,"""camera_color_left""",0,3723
401,1603863810664551973,,0,,1603863810,664551973,"""camera_color_left""",0,3723
402,1603863810768022060,,0,,1603863810,768022060,"""camera_color_left""",0,3723
403,1603863810871521949,,0,,1603863810,871521949,"""camera_color_left""",0,3723
404,1603863810974852085,,0,,1603863810,974852085,"""camera_color_left""",0,3723
405,1603863811078392028,,0,,1603863811,78392028,"""camera_color_left""",0,3723
406,1603863811181852102,,0,,1603863811,181852102,"""camera_color_left""",0,3723
407,1603863811285232067,,0,,1603863811,285232067,"""camera_color_left""",0,3723
408,1603863811388721942,,0,,1603863811,388721942,"""camera_color_left""",0,3723
409,1603863811492251873,,0,,1603863811,492251873,"""camera_color_left""",0,3723
410,1603863811595701932,,0,,1603863811,595701932,"""camera_color_left""",0,3723
411,1603863811699352025,,0,,1603863811,699352025,"""camera_color_left""",0,3723
412,1603863811802911996,,0,,1603863811,802911996,"""camera_color_left""",0,3723
413,1603863811906552076,,0,,1603863811,906552076,"""camera_color_left""",0,3723
414,1603863812010161876,,0,,1603863812,10161876,"""camera_color_left""",0,3723
415,1603863812113882064,,0,,1603863812,113882064,"""camera_color_left""",0,3723
416,1603863812217622041,,0,,1603863812,217622041,"""camera_color_left""",0,3723
417,1603863812321111917,,0,,1603863812,321111917,"""camera_color_left""",0,3723
418,1603863812424942016,,0,,1603863812,424942016,"""camera_color_left""",0,3723
419,1603863812528471946,,0,,1603863812,528471946,"""camera_color_left""",0,3723
420,1603863812632231950,,0,,1603863812,632231950,"""camera_color_left""",0,3723
421,1603863812735951900,,0,,1603863812,735951900,"""camera_color_left""",0,3723
422,1603863812839691877,,0,,1603863812,839691877,"""camera_color_left""",0,3723
423,1603863812943562030,,0,,1603863812,943562030,"""camera_color_left""",0,3723
424,1603863813047291994,,0,,1603863813,47291994,"""camera_color_left""",0,3723
425,1603863813151161909,,0,,1603863813,151161909,"""camera_color_left""",0,3723
426,1603863813255562067,,0,,1603863813,255562067,"""camera_color_left""",0,3723
427,1603863813359132051,,0,,1603863813,359132051,"""camera_color_left""",0,3723
428,1603863813462882041,,0,,1603863813,462882041,"""camera_color_left""",0,3723
429,1603863813567051887,,0,,1603863813,567051887,"""camera_color_left""",0,3723
430,1603863813670762062,,0,,1603863813,670762062,"""camera_color_left""",0,3723
431,1603863813774741888,,0,,1603863813,774741888,"""camera_color_left""",0,3723
432,1603863813878711938,,0,,1603863813,878711938,"""camera_color_left""",0,3723
433,1603863813982712030,,0,,1603863813,982712030,"""camera_color_left""",0,3723
434,1603863814086771965,,0,,1603863814,86771965,"""camera_color_left""",0,3723
435,1603863814190622091,,0,,1603863814,190622091,"""camera_color_left""",0,3723
436,1603863814294621944,,0,,1603863814,294621944,"""camera_color_left""",0,3723
437,1603863814398551940,,0,,1603863814,398551940,"""camera_color_left""",0,3723
438,1603863814502412080,,0,,1603863814,502412080,"""camera_color_left""",0,3723
439,1603863814606302022,,0,,1603863814,606302022,"""camera_color_left""",0,3723
440,1603863814710011959,,0,,1603863814,710011959,"""camera_color_left""",0,3723
441,1603863814813881874,,0,,1603863814,813881874,"""camera_color_left""",0,3723
442,1603863814917622089,,0,,1603863814,917622089,"""camera_color_left""",0,3723
443,1603863815021382093,,0,,1603863815,21382093,"""camera_color_left""",0,3723
444,1603863815125102043,,0,,1603863815,125102043,"""camera_color_left""",0,3723
445,1603863815228852033,,0,,1603863815,228852033,"""camera_color_left""",0,3723
446,1603863815332592010,,0,,1603863815,332592010,"""camera_color_left""",0,3723
447,1603863815436321973,,0,,1603863815,436321973,"""camera_color_left""",0,3723
448,1603863815539942026,,0,,1603863815,539942026,"""camera_color_left""",0,3723
449,1603863815643712043,,0,,1603863815,643712043,"""camera_color_left""",0,3723
450,1603863815747292041,,0,,1603863815,747292041,"""camera_color_left""",0,3723
451,1603863815850912094,,0,,1603863815,850912094,"""camera_color_left""",0,3723
452,1603863815954531908,,0,,1603863815,954531908,"""camera_color_left""",0,3723
453,1603863816058271884,,0,,1603863816,58271884,"""camera_color_left""",0,3723
454,1603863816161881923,,0,,1603863816,161881923,"""camera_color_left""",0,3723
455,1603863816266082048,,0,,1603863816,266082048,"""camera_color_left""",0,3723
456,1603863816369112014,,0,,1603863816,369112014,"""camera_color_left""",0,3723
457,1603863816472732067,,0,,1603863816,472732067,"""camera_color_left""",0,3723
458,1603863816576341867,,0,,1603863816,576341867,"""camera_color_left""",0,3723
459,1603863816679981946,,0,,1603863816,679981946,"""camera_color_left""",0,3723
460,1603863816783601999,,0,,1603863816,783601999,"""camera_color_left""",0,3723
461,1603863816887562036,,0,,1603863816,887562036,"""camera_color_left""",0,3723
462,1603863816990931987,,0,,1603863816,990931987,"""camera_color_left""",0,3723
463,1603863817094791889,,0,,1603863817,94791889,"""camera_color_left""",0,3723
464,1603863817198292016,,0,,1603863817,198292016,"""camera_color_left""",0,3723
465,1603863817302031993,,0,,1603863817,302031993,"""camera_color_left""",0,3723
466,1603863817406051874,,0,,1603863817,406051874,"""camera_color_left""",0,3723
467,1603863817509811878,,0,,1603863817,509811878,"""camera_color_left""",0,3723
468,1603863817613152027,,0,,1603863817,613152027,"""camera_color_left""",0,3723
469,1603863817716892004,,0,,1603863817,716892004,"""camera_color_left""",0,3723
470,1603863817820542097,,0,,1603863817,820542097,"""camera_color_left""",0,3723
471,1603863817924232006,,0,,1603863817,924232006,"""camera_color_left""",0,3723
472,1603863818027961969,,0,,1603863818,27961969,"""camera_color_left""",0,3723
473,1603863818131572008,,0,,1603863818,131572008,"""camera_color_left""",0,3723
474,1603863818235332012,,0,,1603863818,235332012,"""camera_color_left""",0,3723
475,1603863818338932037,,0,,1603863818,338932037,"""camera_color_left""",0,3723
476,1603863818442562103,,0,,1603863818,442562103,"""camera_color_left""",0,3723
477,1603863818546302080,,0,,1603863818,546302080,"""camera_color_left""",0,3723
478,1603863818649902105,,0,,1603863818,649902105,"""camera_color_left""",0,3723
479,1603863818753511905,,0,,1603863818,753511905,"""camera_color_left""",0,3723
480,1603863818857251882,,0,,1603863818,857251882,"""camera_color_left""",0,3723
481,1603863818960871934,,0,,1603863818,960871934,"""camera_color_left""",0,3723
482,1603863819064611911,,0,,1603863819,64611911,"""camera_color_left""",0,3723
483,1603863819168231964,,0,,1603863819,168231964,"""camera_color_left""",0,3723
484,1603863819271842002,,0,,1603863819,271842002,"""camera_color_left""",0,3723
485,1603863819375581979,,0,,1603863819,375581979,"""camera_color_left""",0,3723
486,1603863819479321956,,0,,1603863819,479321956,"""camera_color_left""",0,3723
487,1603863819582962036,,0,,1603863819,582962036,"""camera_color_left""",0,3723
488,1603863819686552047,,0,,1603863819,686552047,"""camera_color_left""",0,3723
489,1603863819790302038,,0,,1603863819,790302038,"""camera_color_left""",0,3723
490,1603863819894062042,,0,,1603863819,894062042,"""camera_color_left""",0,3723
491,1603863819997652053,,0,,1603863819,997652053,"""camera_color_left""",0,3723
492,1603863820101392030,,0,,1603863820,101392030,"""camera_color_left""",0,3723
493,1603863820205142021,,0,,1603863820,205142021,"""camera_color_left""",0,3723
494,1603863820308752059,,0,,1603863820,308752059,"""camera_color_left""",0,3723
495,1603863820412512063,,0,,1603863820,412512063,"""camera_color_left""",0,3723
496,1603863820516131877,,0,,1603863820,516131877,"""camera_color_left""",0,3723
497,1603863820619852066,,0,,1603863820,619852066,"""camera_color_left""",0,3723
498,1603863820723592042,,0,,1603863820,723592042,"""camera_color_left""",0,3723
499,1603863820827202081,,0,,1603863820,827202081,"""camera_color_left""",0,3723
500,1603863820930831909,,0,,1603863820,930831909,"""camera_color_left""",0,3723
501,1603863821034561872,,0,,1603863821,34561872,"""camera_color_left""",0,3723
502,1603863821138171911,,0,,1603863821,138171911,"""camera_color_left""",0,3723
503,1603863821241781949,,0,,1603863821,241781949,"""camera_color_left""",0,3723
504,1603863821345422029,,0,,1603863821,345422029,"""camera_color_left""",0,3723
505,1603863821449141979,,0,,1603863821,449141979,"""camera_color_left""",0,3723
506,1603863821552762031,,0,,1603863821,552762031,"""camera_color_left""",0,3723
507,1603863821656532049,,0,,1603863821,656532049,"""camera_color_left""",0,3723
508,1603863821760112047,,0,,1603863821,760112047,"""camera_color_left""",0,3723
509,1603863821863732099,,0,,1603863821,863732099,"""camera_color_left""",0,3723
510,1603863821967341899,,0,,1603863821,967341899,"""camera_color_left""",0,3723
511,1603863822071111917,,0,,1603863822,71111917,"""camera_color_left""",0,3723
512,1603863822174711942,,0,,1603863822,174711942,"""camera_color_left""",0,3723
513,1603863822278342008,,0,,1603863822,278342008,"""camera_color_left""",0,3723
514,1603863822382081985,,0,,1603863822,382081985,"""camera_color_left""",0,3723
515,1603863822485801935,,0,,1603863822,485801935,"""camera_color_left""",0,3723
516,1603863822589411973,,0,,1603863822,589411973,"""camera_color_left""",0,3723
517,1603863822693032026,,0,,1603863822,693032026,"""camera_color_left""",0,3723
518,1603863822796662092,,0,,1603863822,796662092,"""camera_color_left""",0,3723
519,1603863822900261878,,0,,1603863822,900261878,"""camera_color_left""",0,3723
520,1603863823003901958,,0,,1603863823,3901958,"""camera_color_left""",0,3723
521,1603863823107631921,,0,,1603863823,107631921,"""camera_color_left""",0,3723
522,1603863823211231946,,0,,1603863823,211231946,"""camera_color_left""",0,3723
523,1603863823314851999,,0,,1603863823,314851999,"""camera_color_left""",0,3723
524,1603863823418591976,,0,,1603863823,418591976,"""camera_color_left""",0,3723
525,1603863823522222042,,0,,1603863823,522222042,"""camera_color_left""",0,3723
526,1603863823625952005,,0,,1603863823,625952005,"""camera_color_left""",0,3723
527,1603863823729562044,,0,,1603863823,729562044,"""camera_color_left""",0,3723
528,1603863823833172082,,0,,1603863823,833172082,"""camera_color_left""",0,3723
529,1603863823936791896,,0,,1603863823,936791896,"""camera_color_left""",0,3723
530,1603863824040551900,,0,,1603863824,40551900,"""camera_color_left""",0,3723
531,1603863824144161939,,0,,1603863824,144161939,"""camera_color_left""",0,3723
532,1603863824247802019,,0,,1603863824,247802019,"""camera_color_left""",0,3723
533,1603863824351402044,,0,,1603863824,351402044,"""camera_color_left""",0,3723
534,1603863824454992055,,0,,1603863824,454992055,"""camera_color_left""",0,3723
535,1603863824558651924,,0,,1603863824,558651924,"""camera_color_left""",0,3723
536,1603863824662241935,,0,,1603863824,662241935,"""camera_color_left""",0,3723
537,1603863824765841960,,0,,1603863824,765841960,"""camera_color_left""",0,3723
538,1603863824869462013,,0,,1603863824,869462013,"""camera_color_left""",0,3723
539,1603863824973201990,,0,,1603863824,973201990,"""camera_color_left""",0,3723
540,1603863825076832056,,0,,1603863825,76832056,"""camera_color_left""",0,3723
541,1603863825180432081,,0,,1603863825,180432081,"""camera_color_left""",0,3723
542,1603863825284172058,,0,,1603863825,284172058,"""camera_color_left""",0,3723
543,1603863825387942075,,0,,1603863825,387942075,"""camera_color_left""",0,3723
544,1603863825491532087,,0,,1603863825,491532087,"""camera_color_left""",0,3723
545,1603863825595161914,,0,,1603863825,595161914,"""camera_color_left""",0,3723
546,1603863825698771953,,0,,1603863825,698771953,"""camera_color_left""",0,3723
547,1603863825802592039,,0,,1603863825,802592039,"""camera_color_left""",0,3723
548,1603863825906172037,,0,,1603863825,906172037,"""camera_color_left""",0,3723
549,1603863826009881973,,0,,1603863826,9881973,"""camera_color_left""",0,3723
550,1603863826113471984,,0,,1603863826,113471984,"""camera_color_left""",0,3723
551,1603863826217112064,,0,,1603863826,217112064,"""camera_color_left""",0,3723
552,1603863826320822000,,0,,1603863826,320822000,"""camera_color_left""",0,3723
553,1603863826424442052,,0,,1603863826,424442052,"""camera_color_left""",0,3723
554,1603863826528182029,,0,,1603863826,528182029,"""camera_color_left""",0,3723
555,1603863826631792068,,0,,1603863826,631792068,"""camera_color_left""",0,3723
556,1603863826735552072,,0,,1603863826,735552072,"""camera_color_left""",0,3723
557,1603863826839152097,,0,,1603863826,839152097,"""camera_color_left""",0,3723
558,1603863826942912101,,0,,1603863826,942912101,"""camera_color_left""",0,3723
559,1603863827046511888,,0,,1603863827,46511888,"""camera_color_left""",0,3723
560,1603863827150281906,,0,,1603863827,150281906,"""camera_color_left""",0,3723
561,1603863827253992080,,0,,1603863827,253992080,"""camera_color_left""",0,3723
562,1603863827357621908,,0,,1603863827,357621908,"""camera_color_left""",0,3723
563,1603863827461342096,,0,,1603863827,461342096,"""camera_color_left""",0,3723
564,1603863827565301895,,0,,1603863827,565301895,"""camera_color_left""",0,3723
565,1603863827668951988,,0,,1603863827,668951988,"""camera_color_left""",0,3723
566,1603863827772701978,,0,,1603863827,772701978,"""camera_color_left""",0,3723
567,1603863827876431941,,0,,1603863827,876431941,"""camera_color_left""",0,3723
568,1603863827980302095,,0,,1603863827,980302095,"""camera_color_left""",0,3723
569,1603863828084321975,,0,,1603863828,84321975,"""camera_color_left""",0,3723
570,1603863828187982082,,0,,1603863828,187982082,"""camera_color_left""",0,3723
571,1603863828291971921,,0,,1603863828,291971921,"""camera_color_left""",0,3723
572,1603863828395502090,,0,,1603863828,395502090,"""camera_color_left""",0,3723
573,1603863828499392032,,0,,1603863828,499392032,"""camera_color_left""",0,3723
574,1603863828603202104,,0,,1603863828,603202104,"""camera_color_left""",0,3723
575,1603863828706981897,,0,,1603863828,706981897,"""camera_color_left""",0,3723
576,1603863828810811996,,0,,1603863828,810811996,"""camera_color_left""",0,3723
577,1603863828914481878,,0,,1603863828,914481878,"""camera_color_left""",0,3723
578,1603863829018202066,,0,,1603863829,18202066,"""camera_color_left""",0,3723
579,1603863829121831893,,0,,1603863829,121831893,"""camera_color_left""",0,3723
580,1603863829225471973,,0,,1603863829,225471973,"""camera_color_left""",0,3723
581,1603863829329051971,,0,,1603863829,329051971,"""camera_color_left""",0,3723
582,1603863829432662010,,0,,1603863829,432662010,"""camera_color_left""",0,3723
583,1603863829536151885,,0,,1603863829,536151885,"""camera_color_left""",0,3723
584,1603863829639771938,,0,,1603863829,639771938,"""camera_color_left""",0,3723
585,1603863829743262052,,0,,1603863829,743262052,"""camera_color_left""",0,3723
586,1603863829846751928,,0,,1603863829,846751928,"""camera_color_left""",0,3723
587,1603863829950102090,,0,,1603863829,950102090,"""camera_color_left""",0,3723
588,1603863830054941892,,0,,1603863830,54941892,"""camera_color_left""",0,3723
589,1603863830156991958,,0,,1603863830,156991958,"""camera_color_left""",0,3723
590,1603863830260331869,,0,,1603863830,260331869,"""camera_color_left""",0,3723
591,1603863830363702058,,0,,1603863830,363702058,"""camera_color_left""",0,3723
592,1603863830467061996,,0,,1603863830,467061996,"""camera_color_left""",0,3723
593,1603863830570431947,,0,,1603863830,570431947,"""camera_color_left""",0,3723
594,1603863830673942089,,0,,1603863830,673942089,"""camera_color_left""",0,3723
595,1603863830777421951,,0,,1603863830,777421951,"""camera_color_left""",0,3723
596,1603863830880902051,,0,,1603863830,880902051,"""camera_color_left""",0,3723
597,1603863830984401941,,0,,1603863830,984401941,"""camera_color_left""",0,3723
598,1603863831088011980,,0,,1603863831,88011980,"""camera_color_left""",0,3723
599,1603863831191622018,,0,,1603863831,191622018,"""camera_color_left""",0,3723
600,1603863831295121908,,0,,1603863831,295121908,"""camera_color_left""",0,3723
601,1603863831398731946,,0,,1603863831,398731946,"""camera_color_left""",0,3723
602,1603863831502351999,,0,,1603863831,502351999,"""camera_color_left""",0,3723
603,1603863831606091976,,0,,1603863831,606091976,"""camera_color_left""",0,3723
604,1603863831709702014,,0,,1603863831,709702014,"""camera_color_left""",0,3723
605,1603863831813452005,,0,,1603863831,813452005,"""camera_color_left""",0,3723
606,1603863831917191982,,0,,1603863831,917191982,"""camera_color_left""",0,3723
607,1603863832020822048,,0,,1603863832,20822048,"""camera_color_left""",0,3723
608,1603863832124422073,,0,,1603863832,124422073,"""camera_color_left""",0,3723
609,1603863832228172063,,0,,1603863832,228172063,"""camera_color_left""",0,3723
610,1603863832331821918,,0,,1603863832,331821918,"""camera_color_left""",0,3723
611,1603863832435381889,,0,,1603863832,435381889,"""camera_color_left""",0,3723
612,1603863832539131879,,0,,1603863832,539131879,"""camera_color_left""",0,3723
613,1603863832642911911,,0,,1603863832,642911911,"""camera_color_left""",0,3723
614,1603863832746501922,,0,,1603863832,746501922,"""camera_color_left""",0,3723
615,1603863832850142002,,0,,1603863832,850142002,"""camera_color_left""",0,3723
616,1603863832953841924,,0,,1603863832,953841924,"""camera_color_left""",0,3723
617,1603863833057542085,,0,,1603863833,57542085,"""camera_color_left""",0,3723
618,1603863833161191940,,0,,1603863833,161191940,"""camera_color_left""",0,3723
619,1603863833265032052,,0,,1603863833,265032052,"""camera_color_left""",0,3723
620,1603863833368422031,,0,,1603863833,368422031,"""camera_color_left""",0,3723
621,1603863833472052097,,0,,1603863833,472052097,"""camera_color_left""",0,3723
622,1603863833575821876,,0,,1603863833,575821876,"""camera_color_left""",0,3723
623,1603863833679311990,,0,,1603863833,679311990,"""camera_color_left""",0,3723
624,1603863833782991886,,0,,1603863833,782991886,"""camera_color_left""",0,3723
625,1603863833886631965,,0,,1603863833,886631965,"""camera_color_left""",0,3723
626,1603863833990242004,,0,,1603863833,990242004,"""camera_color_left""",0,3723
627,1603863834093862056,,0,,1603863834,93862056,"""camera_color_left""",0,3723
628,1603863834197472095,,0,,1603863834,197472095,"""camera_color_left""",0,3723
629,1603863834301141977,,0,,1603863834,301141977,"""camera_color_left""",0,3723
630,1603863834404831886,,0,,1603863834,404831886,"""camera_color_left""",0,3723
631,1603863834508441925,,0,,1603863834,508441925,"""camera_color_left""",0,3723
632,1603863834612061977,,0,,1603863834,612061977,"""camera_color_left""",0,3723
633,1603863834715791940,,0,,1603863834,715791940,"""camera_color_left""",0,3723
634,1603863834819442033,,0,,1603863834,819442033,"""camera_color_left""",0,3723
635,1603863834923161983,,0,,1603863834,923161983,"""camera_color_left""",0,3723
636,1603863835026772022,,0,,1603863835,26772022,"""camera_color_left""",0,3723
637,1603863835130511999,,0,,1603863835,130511999,"""camera_color_left""",0,3723
638,1603863835234132051,,0,,1603863835,234132051,"""camera_color_left""",0,3723
639,1603863835337872028,,0,,1603863835,337872028,"""camera_color_left""",0,3723
640,1603863835441482067,,0,,1603863835,441482067,"""camera_color_left""",0,3723
641,1603863835545171976,,0,,1603863835,545171976,"""camera_color_left""",0,3723
642,1603863835648832082,,0,,1603863835,648832082,"""camera_color_left""",0,3723
643,1603863835752471923,,0,,1603863835,752471923,"""camera_color_left""",0,3723
644,1603863835856101989,,0,,1603863835,856101989,"""camera_color_left""",0,3723
645,1603863835959791898,,0,,1603863835,959791898,"""camera_color_left""",0,3723
646,1603863836063492059,,0,,1603863836,63492059,"""camera_color_left""",0,3723
647,1603863836167171955,,0,,1603863836,167171955,"""camera_color_left""",0,3723
648,1603863836270852088,,0,,1603863836,270852088,"""camera_color_left""",0,3723
649,1603863836374422073,,0,,1603863836,374422073,"""camera_color_left""",0,3723
650,1603863836478142023,,0,,1603863836,478142023,"""camera_color_left""",0,3723
651,1603863836581791877,,0,,1603863836,581791877,"""camera_color_left""",0,3723
652,1603863836685371875,,0,,1603863836,685371875,"""camera_color_left""",0,3723
653,1603863836789112091,,0,,1603863836,789112091,"""camera_color_left""",0,3723
654,1603863836892731904,,0,,1603863836,892731904,"""camera_color_left""",0,3723
655,1603863836996471881,,0,,1603863836,996471881,"""camera_color_left""",0,3723
656,1603863837100091934,,0,,1603863837,100091934,"""camera_color_left""",0,3723
657,1603863837203821897,,0,,1603863837,203821897,"""camera_color_left""",0,3723
658,1603863837307522058,,0,,1603863837,307522058,"""camera_color_left""",0,3723
659,1603863837411201953,,0,,1603863837,411201953,"""camera_color_left""",0,3723
660,1603863837514842033,,0,,1603863837,514842033,"""camera_color_left""",0,3723
661,1603863837618531942,,0,,1603863837,618531942,"""camera_color_left""",0,3723
662,1603863837722151994,,0,,1603863837,722151994,"""camera_color_left""",0,3723
663,1603863837825911998,,0,,1603863837,825911998,"""camera_color_left""",0,3723
664,1603863837929502010,,0,,1603863837,929502010,"""camera_color_left""",0,3723
665,1603863838033132076,,0,,1603863838,33132076,"""camera_color_left""",0,3723
666,1603863838136862039,,0,,1603863838,136862039,"""camera_color_left""",0,3723
667,1603863838240602016,,0,,1603863838,240602016,"""camera_color_left""",0,3723
668,1603863838344232082,,0,,1603863838,344232082,"""camera_color_left""",0,3723
669,1603863838447831869,,0,,1603863838,447831869,"""camera_color_left""",0,3723
670,1603863838551572084,,0,,1603863838,551572084,"""camera_color_left""",0,3723
671,1603863838655191898,,0,,1603863838,655191898,"""camera_color_left""",0,3723
672,1603863838758811950,,0,,1603863838,758811950,"""camera_color_left""",0,3723
673,1603863838862571954,,0,,1603863838,862571954,"""camera_color_left""",0,3723
674,1603863838966161966,,0,,1603863838,966161966,"""camera_color_left""",0,3723
675,1603863839069802045,,0,,1603863839,69802045,"""camera_color_left""",0,3723
676,1603863839173402070,,0,,1603863839,173402070,"""camera_color_left""",0,3723
677,1603863839277021884,,0,,1603863839,277021884,"""camera_color_left""",0,3723
678,1603863839380631923,,0,,1603863839,380631923,"""camera_color_left""",0,3723
679,1603863839484361886,,0,,1603863839,484361886,"""camera_color_left""",0,3723
680,1603863839588052034,,0,,1603863839,588052034,"""camera_color_left""",0,3723
681,1603863839691601991,,0,,1603863839,691601991,"""camera_color_left""",0,3723
682,1603863839795212030,,0,,1603863839,795212030,"""camera_color_left""",0,3723
683,1603863839898851871,,0,,1603863839,898851871,"""camera_color_left""",0,3723
684,1603863840002451896,,0,,1603863840,2451896,"""camera_color_left""",0,3723
685,1603863840106122016,,0,,1603863840,106122016,"""camera_color_left""",0,3723
686,1603863840209692001,,0,,1603863840,209692001,"""camera_color_left""",0,3723
687,1603863840313441991,,0,,1603863840,313441991,"""camera_color_left""",0,3723
688,1603863840417032003,,0,,1603863840,417032003,"""camera_color_left""",0,3723
689,1603863840520652055,,0,,1603863840,520652055,"""camera_color_left""",0,3723
690,1603863840624262094,,0,,1603863840,624262094,"""camera_color_left""",0,3723
691,1603863840727921962,,0,,1603863840,727921962,"""camera_color_left""",0,3723
692,1603863840831641912,,0,,1603863840,831641912,"""camera_color_left""",0,3723
693,1603863840935241937,,0,,1603863840,935241937,"""camera_color_left""",0,3723
694,1603863841038971900,,0,,1603863841,38971900,"""camera_color_left""",0,3723
695,1603863841142711877,,0,,1603863841,142711877,"""camera_color_left""",0,3723
696,1603863841246392011,,0,,1603863841,246392011,"""camera_color_left""",0,3723
697,1603863841350071907,,0,,1603863841,350071907,"""camera_color_left""",0,3723
698,1603863841453691959,,0,,1603863841,453691959,"""camera_color_left""",0,3723
699,1603863841557312011,,0,,1603863841,557312011,"""camera_color_left""",0,3723
700,1603863841661102056,,0,,1603863841,661102056,"""camera_color_left""",0,3723
701,1603863841764761924,,0,,1603863841,764761924,"""camera_color_left""",0,3723
702,1603863841868341922,,0,,1603863841,868341922,"""camera_color_left""",0,3723
703,1603863841972042083,,0,,1603863841,972042083,"""camera_color_left""",0,3723
704,1603863842075632095,,0,,1603863842,75632095,"""camera_color_left""",0,3723
705,1603863842179372072,,0,,1603863842,179372072,"""camera_color_left""",0,3723
706,1603863842283082008,,0,,1603863842,283082008,"""camera_color_left""",0,3723
707,1603863842386601924,,0,,1603863842,386601924,"""camera_color_left""",0,3723
708,1603863842490231990,,0,,1603863842,490231990,"""camera_color_left""",0,3723
709,1603863842593852043,,0,,1603863842,593852043,"""camera_color_left""",0,3723
710,1603863842697462081,,0,,1603863842,697462081,"""camera_color_left""",0,3723
711,1603863842801061868,,0,,1603863842,801061868,"""camera_color_left""",0,3723
712,1603863842904742002,,0,,1603863842,904742002,"""camera_color_left""",0,3723
713,1603863843008162021,,0,,1603863843,8162021,"""camera_color_left""",0,3723
714,1603863843111811876,,0,,1603863843,111811876,"""camera_color_left""",0,3723
715,1603863843215281963,,0,,1603863843,215281963,"""camera_color_left""",0,3723
716,1603863843318851947,,0,,1603863843,318851947,"""camera_color_left""",0,3723
717,1603863843422251939,,0,,1603863843,422251939,"""camera_color_left""",0,3723
718,1603863843525742053,,0,,1603863843,525742053,"""camera_color_left""",0,3723
719,1603863843629271984,,0,,1603863843,629271984,"""camera_color_left""",0,3723
720,1603863843732611894,,0,,1603863843,732611894,"""camera_color_left""",0,3723
721,1603863843835972070,,0,,1603863843,835972070,"""camera_color_left""",0,3723
722,1603863843939481973,,0,,1603863843,939481973,"""camera_color_left""",0,3723
723,1603863844042821884,,0,,1603863844,42821884,"""camera_color_left""",0,3723
724,1603863844146311998,,0,,1603863844,146311998,"""camera_color_left""",0,3723
725,1603863844249801874,,0,,1603863844,249801874,"""camera_color_left""",0,3723
726,1603863844353172063,,0,,1603863844,353172063,"""camera_color_left""",0,3723
727,1603863844456661939,,0,,1603863844,456661939,"""camera_color_left""",0,3723
728,1603863844560152053,,0,,1603863844,560152053,"""camera_color_left""",0,3723
729,1603863844663542032,,0,,1603863844,663542032,"""camera_color_left""",0,3723
730,1603863844767021894,,0,,1603863844,767021894,"""camera_color_left""",0,3723
731,1603863844870641946,,0,,1603863844,870641946,"""camera_color_left""",0,3723
732,1603863844974191904,,0,,1603863844,974191904,"""camera_color_left""",0,3723
733,1603863845077732086,,0,,1603863845,77732086,"""camera_color_left""",0,3723
734,1603863845181221961,,0,,1603863845,181221961,"""camera_color_left""",0,3723
735,1603863845284832000,,0,,1603863845,284832000,"""camera_color_left""",0,3723
736,1603863845388452053,,0,,1603863845,388452053,"""camera_color_left""",0,3723
737,1603863845492062091,,0,,1603863845,492062091,"""camera_color_left""",0,3723
738,1603863845595772027,,0,,1603863845,595772027,"""camera_color_left""",0,3723
739,1603863845699291944,,0,,1603863845,699291944,"""camera_color_left""",0,3723
740,1603863845803041934,,0,,1603863845,803041934,"""camera_color_left""",0,3723
741,1603863845906902074,,0,,1603863845,906902074,"""camera_color_left""",0,3723
742,1603863846010792016,,0,,1603863846,10792016,"""camera_color_left""",0,3723
743,1603863846114762067,,0,,1603863846,114762067,"""camera_color_left""",0,3723
744,1603863846218771934,,0,,1603863846,218771934,"""camera_color_left""",0,3723
745,1603863846322861909,,0,,1603863846,322861909,"""camera_color_left""",0,3723
746,1603863846426991939,,0,,1603863846,426991939,"""camera_color_left""",0,3723
747,1603863846531212091,,0,,1603863846,531212091,"""camera_color_left""",0,3723
748,1603863846635351896,,0,,1603863846,635351896,"""camera_color_left""",0,3723
749,1603863846739572048,,0,,1603863846,739572048,"""camera_color_left""",0,3723
750,1603863846843692064,,0,,1603863846,843692064,"""camera_color_left""",0,3723
751,1603863846947812080,,0,,1603863846,947812080,"""camera_color_left""",0,3723
752,1603863847051951885,,0,,1603863847,51951885,"""camera_color_left""",0,3723
753,1603863847155812025,,0,,1603863847,155812025,"""camera_color_left""",0,3723
754,1603863847259752035,,0,,1603863847,259752035,"""camera_color_left""",0,3723
755,1603863847363581895,,0,,1603863847,363581895,"""camera_color_left""",0,3723
756,1603863847467381954,,0,,1603863847,467381954,"""camera_color_left""",0,3723
757,1603863847571171998,,0,,1603863847,571171998,"""camera_color_left""",0,3723
758,1603863847674871921,,0,,1603863847,674871921,"""camera_color_left""",0,3723
759,1603863847778601884,,0,,1603863847,778601884,"""camera_color_left""",0,3723
760,1603863847882351875,,0,,1603863847,882351875,"""camera_color_left""",0,3723
761,1603863847986072063,,0,,1603863847,986072063,"""camera_color_left""",0,3723
762,1603863848089701890,,0,,1603863848,89701890,"""camera_color_left""",0,3723
763,1603863848193471908,,0,,1603863848,193471908,"""camera_color_left""",0,3723
764,1603863848297051906,,0,,1603863848,297051906,"""camera_color_left""",0,3723
765,1603863848400701999,,0,,1603863848,400701999,"""camera_color_left""",0,3723
766,1603863848504411935,,0,,1603863848,504411935,"""camera_color_left""",0,3723
767,1603863848608031988,,0,,1603863848,608031988,"""camera_color_left""",0,3723
768,1603863848711652040,,0,,1603863848,711652040,"""camera_color_left""",0,3723
769,1603863848815392017,,0,,1603863848,815392017,"""camera_color_left""",0,3723
770,1603863848919002056,,0,,1603863848,919002056,"""camera_color_left""",0,3723
771,1603863849022621870,,0,,1603863849,22621870,"""camera_color_left""",0,3723
772,1603863849126291990,,0,,1603863849,126291990,"""camera_color_left""",0,3723
773,1603863849229871988,,0,,1603863849,229871988,"""camera_color_left""",0,3723
774,1603863849333591938,,0,,1603863849,333591938,"""camera_color_left""",0,3723
775,1603863849437232017,,0,,1603863849,437232017,"""camera_color_left""",0,3723
776,1603863849540822029,,0,,1603863849,540822029,"""camera_color_left""",0,3723
777,1603863849644432067,,0,,1603863849,644432067,"""camera_color_left""",0,3723
778,1603863849748051881,,0,,1603863849,748051881,"""camera_color_left""",0,3723
779,1603863849851671934,,0,,1603863849,851671934,"""camera_color_left""",0,3723
780,1603863849955281972,,0,,1603863849,955281972,"""camera_color_left""",0,3723
781,1603863850058902025,,0,,1603863850,58902025,"""camera_color_left""",0,3723
782,1603863850162522077,,0,,1603863850,162522077,"""camera_color_left""",0,3723
783,1603863850266272068,,0,,1603863850,266272068,"""camera_color_left""",0,3723
784,1603863850369872093,,0,,1603863850,369872093,"""camera_color_left""",0,3723
785,1603863850473612070,,0,,1603863850,473612070,"""camera_color_left""",0,3723
786,1603863850577221870,,0,,1603863850,577221870,"""camera_color_left""",0,3723
787,1603863850680981874,,0,,1603863850,680981874,"""camera_color_left""",0,3723
788,1603863850784581899,,0,,1603863850,784581899,"""camera_color_left""",0,3723
789,1603863850888341903,,0,,1603863850,888341903,"""camera_color_left""",0,3723
790,1603863850991931915,,0,,1603863850,991931915,"""camera_color_left""",0,3723
791,1603863851095701932,,0,,1603863851,95701932,"""camera_color_left""",0,3723
792,1603863851199421882,,0,,1603863851,199421882,"""camera_color_left""",0,3723
793,1603863851303171873,,0,,1603863851,303171873,"""camera_color_left""",0,3723
794,1603863851406771898,,0,,1603863851,406771898,"""camera_color_left""",0,3723
795,1603863851510391950,,0,,1603863851,510391950,"""camera_color_left""",0,3723
796,1603863851614181995,,0,,1603863851,614181995,"""camera_color_left""",0,3723
797,1603863851717751979,,0,,1603863851,717751979,"""camera_color_left""",0,3723
798,1603863851821582078,,0,,1603863851,821582078,"""camera_color_left""",0,3723
799,1603863851925122022,,0,,1603863851,925122022,"""camera_color_left""",0,3723
800,1603863852028912067,,0,,1603863852,28912067,"""camera_color_left""",0,3723
801,1603863852132332086,,0,,1603863852,132332086,"""camera_color_left""",0,3723
802,1603863852235951900,,0,,1603863852,235951900,"""camera_color_left""",0,3723
803,1603863852339802026,,0,,1603863852,339802026,"""camera_color_left""",0,3723
804,1603863852443361997,,0,,1603863852,443361997,"""camera_color_left""",0,3723
805,1603863852546962022,,0,,1603863852,546962022,"""camera_color_left""",0,3723
806,1603863852650681972,,0,,1603863852,650681972,"""camera_color_left""",0,3723
807,1603863852754322052,,0,,1603863852,754322052,"""camera_color_left""",0,3723
808,1603863852857912063,,0,,1603863852,857912063,"""camera_color_left""",0,3723
809,1603863852961512088,,0,,1603863852,961512088,"""camera_color_left""",0,3723
810,1603863853065161943,,0,,1603863853,65161943,"""camera_color_left""",0,3723
811,1603863853168901920,,0,,1603863853,168901920,"""camera_color_left""",0,3723
812,1603863853272471904,,0,,1603863853,272471904,"""camera_color_left""",0,3723
813,1603863853376281976,,0,,1603863853,376281976,"""camera_color_left""",0,3723
814,1603863853479952096,,0,,1603863853,479952096,"""camera_color_left""",0,3723
815,1603863853583541870,,0,,1603863853,583541870,"""camera_color_left""",0,3723
816,1603863853687211990,,0,,1603863853,687211990,"""camera_color_left""",0,3723
817,1603863853790872097,,0,,1603863853,790872097,"""camera_color_left""",0,3723
818,1603863853894711971,,0,,1603863853,894711971,"""camera_color_left""",0,3723
819,1603863853998251914,,0,,1603863853,998251914,"""camera_color_left""",0,3723
820,1603863854101782083,,0,,1603863854,101782083,"""camera_color_left""",0,3723
821,1603863854205391883,,0,,1603863854,205391883,"""camera_color_left""",0,3723
822,1603863854309881925,,0,,1603863854,309881925,"""camera_color_left""",0,3723
823,1603863854412712097,,0,,1603863854,412712097,"""camera_color_left""",0,3723
824,1603863854516381978,,0,,1603863854,516381978,"""camera_color_left""",0,3723
825,1603863854619982004,,0,,1603863854,619982004,"""camera_color_left""",0,3723
826,1603863854723752021,,0,,1603863854,723752021,"""camera_color_left""",0,3723
827,1603863854827342033,,0,,1603863854,827342033,"""camera_color_left""",0,3723
828,1603863854931092023,,0,,1603863854,931092023,"""camera_color_left""",0,3723
829,1603863855034712076,,0,,1603863855,34712076,"""camera_color_left""",0,3723
830,1603863855138452053,,0,,1603863855,138452053,"""camera_color_left""",0,3723
831,1603863855242382049,,0,,1603863855,242382049,"""camera_color_left""",0,3723
832,1603863855345841884,,0,,1603863855,345841884,"""camera_color_left""",0,3723
833,1603863855449421882,,0,,1603863855,449421882,"""camera_color_left""",0,3723
834,1603863855553241968,,0,,1603863855,553241968,"""camera_color_left""",0,3723
835,1603863855656761884,,0,,1603863855,656761884,"""camera_color_left""",0,3723
836,1603863855760521888,,0,,1603863855,760521888,"""camera_color_left""",0,3723
837,1603863855864181995,,0,,1603863855,864181995,"""camera_color_left""",0,3723
838,1603863855967851877,,0,,1603863855,967851877,"""camera_color_left""",0,3723
839,1603863856071481943,,0,,1603863856,71481943,"""camera_color_left""",0,3723
840,1603863856175231933,,0,,1603863856,175231933,"""camera_color_left""",0,3723
841,1603863856278821945,,0,,1603863856,278821945,"""camera_color_left""",0,3723
842,1603863856382662057,,0,,1603863856,382662057,"""camera_color_left""",0,3723
843,1603863856486531972,,0,,1603863856,486531972,"""camera_color_left""",0,3723
844,1603863856589982032,,0,,1603863856,589982032,"""camera_color_left""",0,3723
845,1603863856693602085,,0,,1603863856,693602085,"""camera_color_left""",0,3723
846,1603863856797281980,,0,,1603863856,797281980,"""camera_color_left""",0,3723
847,1603863856901092052,,0,,1603863856,901092052,"""camera_color_left""",0,3723
848,1603863857004751920,,0,,1603863857,4751920,"""camera_color_left""",0,3723
849,1603863857108371973,,0,,1603863857,108371973,"""camera_color_left""",0,3723
850,1603863857211992025,,0,,1603863857,211992025,"""camera_color_left""",0,3723
851,1603863857315742015,,0,,1603863857,315742015,"""camera_color_left""",0,3723
852,1603863857419342041,,0,,1603863857,419342041,"""camera_color_left""",0,3723
853,1603863857523082017,,0,,1603863857,523082017,"""camera_color_left""",0,3723
854,1603863857626692056,,0,,1603863857,626692056,"""camera_color_left""",0,3723
855,1603863857730432033,,0,,1603863857,730432033,"""camera_color_left""",0,3723
856,1603863857834182024,,0,,1603863857,834182024,"""camera_color_left""",0,3723
857,1603863857937792062,,0,,1603863857,937792062,"""camera_color_left""",0,3723
858,1603863858041552066,,0,,1603863858,41552066,"""camera_color_left""",0,3723
859,1603863858145152091,,0,,1603863858,145152091,"""camera_color_left""",0,3723
860,1603863858248912096,,0,,1603863858,248912096,"""camera_color_left""",0,3723
861,1603863858352652072,,0,,1603863858,352652072,"""camera_color_left""",0,3723
862,1603863858456252098,,0,,1603863858,456252098,"""camera_color_left""",0,3723
863,1603863858559992074,,0,,1603863858,559992074,"""camera_color_left""",0,3723
864,1603863858663601875,,0,,1603863858,663601875,"""camera_color_left""",0,3723
865,1603863858767342090,,0,,1603863858,767342090,"""camera_color_left""",0,3723
866,1603863858870961904,,0,,1603863858,870961904,"""camera_color_left""",0,3723
867,1603863858974581956,,0,,1603863858,974581956,"""camera_color_left""",0,3723
868,1603863859078181982,,0,,1603863859,78181982,"""camera_color_left""",0,3723
869,1603863859181802034,,0,,1603863859,181802034,"""camera_color_left""",0,3723
870,1603863859285422086,,0,,1603863859,285422086,"""camera_color_left""",0,3723
871,1603863859389041900,,0,,1603863859,389041900,"""camera_color_left""",0,3723
872,1603863859492651939,,0,,1603863859,492651939,"""camera_color_left""",0,3723
873,1603863859596271991,,0,,1603863859,596271991,"""camera_color_left""",0,3723
874,1603863859699882030,,0,,1603863859,699882030,"""camera_color_left""",0,3723
875,1603863859803502082,,0,,1603863859,803502082,"""camera_color_left""",0,3723
876,1603863859907242059,,0,,1603863859,907242059,"""camera_color_left""",0,3723
877,1603863860010871887,,0,,1603863860,10871887,"""camera_color_left""",0,3723
878,1603863860114471912,,0,,1603863860,114471912,"""camera_color_left""",0,3723
879,1603863860218081951,,0,,1603863860,218081951,"""camera_color_left""",0,3723
880,1603863860321702003,,0,,1603863860,321702003,"""camera_color_left""",0,3723
881,1603863860425312042,,0,,1603863860,425312042,"""camera_color_left""",0,3723
882,1603863860529062032,,0,,1603863860,529062032,"""camera_color_left""",0,3723
883,1603863860632672071,,0,,1603863860,632672071,"""camera_color_left""",0,3723
884,1603863860736281871,,0,,1603863860,736281871,"""camera_color_left""",0,3723
885,1603863860840032100,,0,,1603863860,840032100,"""camera_color_left""",0,3723
886,1603863860943671941,,0,,1603863860,943671941,"""camera_color_left""",0,3723
887,1603863861047132015,,0,,1603863861,47132015,"""camera_color_left""",0,3723
888,1603863861150772094,,0,,1603863861,150772094,"""camera_color_left""",0,3723
889,1603863861254361867,,0,,1603863861,254361867,"""camera_color_left""",0,3723
890,1603863861357981920,,0,,1603863861,357981920,"""camera_color_left""",0,3723
891,1603863861461591958,,0,,1603863861,461591958,"""camera_color_left""",0,3723
892,1603863861565331935,,0,,1603863861,565331935,"""camera_color_left""",0,3723
893,1603863861668951988,,0,,1603863861,668951988,"""camera_color_left""",0,3723
894,1603863861772681951,,0,,1603863861,772681951,"""camera_color_left""",0,3723
895,1603863861876322031,,0,,1603863861,876322031,"""camera_color_left""",0,3723
896,1603863861980051994,,0,,1603863861,980051994,"""camera_color_left""",0,3723
897,1603863862083751916,,0,,1603863862,83751916,"""camera_color_left""",0,3723
898,1603863862187301874,,0,,1603863862,187301874,"""camera_color_left""",0,3723
899,1603863862291022062,,0,,1603863862,291022062,"""camera_color_left""",0,3723
900,1603863862394752025,,0,,1603863862,394752025,"""camera_color_left""",0,3723
901,1603863862498401880,,0,,1603863862,498401880,"""camera_color_left""",0,3723
902,1603863862602142095,,0,,1603863862,602142095,"""camera_color_left""",0,3723
903,1603863862705852031,,0,,1603863862,705852031,"""camera_color_left""",0,3723
904,1603863862809491872,,0,,1603863862,809491872,"""camera_color_left""",0,3723
905,1603863862913232088,,0,,1603863862,913232088,"""camera_color_left""",0,3723
906,1603863863016851902,,0,,1603863863,16851902,"""camera_color_left""",0,3723
907,1603863863120451927,,0,,1603863863,120451927,"""camera_color_left""",0,3723
908,1603863863224051952,,0,,1603863863,224051952,"""camera_color_left""",0,3723
909,1603863863327791929,,0,,1603863863,327791929,"""camera_color_left""",0,3723
910,1603863863431411981,,0,,1603863863,431411981,"""camera_color_left""",0,3723
911,1603863863535052061,,0,,1603863863,535052061,"""camera_color_left""",0,3723
912,1603863863638792037,,0,,1603863863,638792037,"""camera_color_left""",0,3723
913,1603863863742402076,,0,,1603863863,742402076,"""camera_color_left""",0,3723
914,1603863863846002101,,0,,1603863863,846002101,"""camera_color_left""",0,3723
915,1603863863949621915,,0,,1603863863,949621915,"""camera_color_left""",0,3723
916,1603863864053241968,,0,,1603863864,53241968,"""camera_color_left""",0,3723
917,1603863864156981945,,0,,1603863864,156981945,"""camera_color_left""",0,3723
918,1603863864260601997,,0,,1603863864,260601997,"""camera_color_left""",0,3723
919,1603863864364202022,,0,,1603863864,364202022,"""camera_color_left""",0,3723
920,1603863864467851877,,0,,1603863864,467851877,"""camera_color_left""",0,3723
921,1603863864571641921,,0,,1603863864,571641921,"""camera_color_left""",0,3723
922,1603863864675191879,,0,,1603863864,675191879,"""camera_color_left""",0,3723
923,1603863864778811931,,0,,1603863864,778811931,"""camera_color_left""",0,3723
924,1603863864882462024,,0,,1603863864,882462024,"""camera_color_left""",0,3723
925,1603863864986032009,,0,,1603863864,986032009,"""camera_color_left""",0,3723
926,1603863865089731931,,0,,1603863865,89731931,"""camera_color_left""",0,3723
927,1603863865193341970,,0,,1603863865,193341970,"""camera_color_left""",0,3723
928,1603863865296891927,,0,,1603863865,296891927,"""camera_color_left""",0,3723
929,1603863865400362014,,0,,1603863865,400362014,"""camera_color_left""",0,3723
930,1603863865503911972,,0,,1603863865,503911972,"""camera_color_left""",0,3723
931,1603863865607222080,,0,,1603863865,607222080,"""camera_color_left""",0,3723
932,1603863865710721969,,0,,1603863865,710721969,"""camera_color_left""",0,3723
933,1603863865814071893,,0,,1603863865,814071893,"""camera_color_left""",0,3723
934,1603863865917461872,,0,,1603863865,917461872,"""camera_color_left""",0,3723
935,1603863866020822048,,0,,1603863866,20822048,"""camera_color_left""",0,3723
936,1603863866124262094,,0,,1603863866,124262094,"""camera_color_left""",0,3723
937,1603863866227521896,,0,,1603863866,227521896,"""camera_color_left""",0,3723
938,1603863866330911874,,0,,1603863866,330911874,"""camera_color_left""",0,3723
939,1603863866434401988,,0,,1603863866,434401988,"""camera_color_left""",0,3723
940,1603863866537892103,,0,,1603863866,537892103,"""camera_color_left""",0,3723
941,1603863866641391992,,0,,1603863866,641391992,"""camera_color_left""",0,3723
942,1603863866744921922,,0,,1603863866,744921922,"""camera_color_left""",0,3723
943,1603863866848351955,,0,,1603863866,848351955,"""camera_color_left""",0,3723
944,1603863866951961994,,0,,1603863866,951961994,"""camera_color_left""",0,3723
945,1603863867055481910,,0,,1603863867,55481910,"""camera_color_left""",0,3723
946,1603863867159202098,,0,,1603863867,159202098,"""camera_color_left""",0,3723
947,1603863867262831926,,0,,1603863867,262831926,"""camera_color_left""",0,3723
948,1603863867366441965,,0,,1603863867,366441965,"""camera_color_left""",0,3723
949,1603863867470571994,,0,,1603863867,470571994,"""camera_color_left""",0,3723
950,1603863867573911905,,0,,1603863867,573911905,"""camera_color_left""",0,3723
951,1603863867677792072,,0,,1603863867,677792072,"""camera_color_left""",0,3723
952,1603863867781732082,,0,,1603863867,781732082,"""camera_color_left""",0,3723
953,1603863867885652065,,0,,1603863867,885652065,"""camera_color_left""",0,3723
954,1603863867989762067,,0,,1603863867,989762067,"""camera_color_left""",0,3723
955,1603863868094202041,,0,,1603863868,94202041,"""camera_color_left""",0,3723
956,1603863868198002099,,0,,1603863868,198002099,"""camera_color_left""",0,3723
957,1603863868302102088,,0,,1603863868,302102088,"""camera_color_left""",0,3723
958,1603863868406101942,,0,,1603863868,406101942,"""camera_color_left""",0,3723
959,1603863868510201930,,0,,1603863868,510201930,"""camera_color_left""",0,3723
960,1603863868614001989,,0,,1603863868,614001989,"""camera_color_left""",0,3723
961,1603863868717802047,,0,,1603863868,717802047,"""camera_color_left""",0,3723
962,1603863868821702003,,0,,1603863868,821702003,"""camera_color_left""",0,3723
963,1603863868925601959,,0,,1603863868,925601959,"""camera_color_left""",0,3723
